i,title,label,raw_hot,category,link
1,杭州爬山失联女子已找到丈夫发声,新,1522888,社会新闻,https://s.weibo.com/weibo?q=%E6%9D%AD%E5%B7%9E%E7%88%AC%E5%B1%B1%E5%A4%B1%E8%81%94%E5%A5%B3%E5%AD%90%E5%B7%B2%E6%89%BE%E5%88%B0%E4%B8%88%E5%A4%AB%E5%8F%91%E5%A3%B0&Refer=top
2,金靖怀孕录的萌探4,热,818665,综艺,https://s.weibo.com/weibo?q=%E9%87%91%E9%9D%96%E6%80%80%E5%AD%95%E5%BD%95%E7%9A%84%E8%90%8C%E6%8E%A24&Refer=top
3,2024中关村论坛年会, ,586654,社会新闻,https://s.weibo.com/weibo?q=2024%E4%B8%AD%E5%85%B3%E6%9D%91%E8%AE%BA%E5%9D%9B%E5%B9%B4%E4%BC%9A&Refer=top
4,蔚来ET7上市定位商务行政轿车, ,577319, ,https://s.weibo.com/weibo?q=%E8%94%9A%E6%9D%A5ET7%E4%B8%8A%E5%B8%82%E5%AE%9A%E4%BD%8D%E5%95%86%E5%8A%A1%E8%A1%8C%E6%94%BF%E8%BD%BF%E8%BD%A6&Refer=top
5,老年艾滋病患者无法言说的性与痛,新,577128,健康医疗,https://s.weibo.com/weibo?q=%E8%80%81%E5%B9%B4%E8%89%BE%E6%BB%8B%E7%97%85%E6%82%A3%E8%80%85%E6%97%A0%E6%B3%95%E8%A8%80%E8%AF%B4%E7%9A%84%E6%80%A7%E4%B8%8E%E7%97%9B&Refer=top
6,布林肯抵达北京,新,565590,国内时政,https://s.weibo.com/weibo?q=%E5%B8%83%E6%9E%97%E8%82%AF%E6%8A%B5%E8%BE%BE%E5%8C%97%E4%BA%AC&Refer=top
7,ive新歌MV全是中国元素, ,500501,音乐,https://s.weibo.com/weibo?q=ive%E6%96%B0%E6%AD%8CMV%E5%85%A8%E6%98%AF%E4%B8%AD%E5%9B%BD%E5%85%83%E7%B4%A0&Refer=top
8,花式解锁北京车展, ,500010, ,https://s.weibo.com/weibo?q=%E8%8A%B1%E5%BC%8F%E8%A7%A3%E9%94%81%E5%8C%97%E4%BA%AC%E8%BD%A6%E5%B1%95&Refer=top
9,秦岚晒了北斗七行合照,新,498537,综艺,https://s.weibo.com/weibo?q=%E7%A7%A6%E5%B2%9A%E6%99%92%E4%BA%86%E5%8C%97%E6%96%97%E4%B8%83%E8%A1%8C%E5%90%88%E7%85%A7&Refer=top
10,老人摆摊日入8元被收10元摊位费, ,485282,社会新闻,https://s.weibo.com/weibo?q=%E8%80%81%E4%BA%BA%E6%91%86%E6%91%8A%E6%97%A5%E5%85%A58%E5%85%83%E8%A2%AB%E6%94%B610%E5%85%83%E6%91%8A%E4%BD%8D%E8%B4%B9&Refer=top
11,狗头萝莉流泪回应, ,449486,网红,https://s.weibo.com/weibo?q=%E7%8B%97%E5%A4%B4%E8%90%9D%E8%8E%89%E6%B5%81%E6%B3%AA%E5%9B%9E%E5%BA%94&Refer=top
12,00后边防新兵巡逻前vs巡逻后,暖,427292,社会新闻,https://s.weibo.com/weibo?q=00%E5%90%8E%E8%BE%B9%E9%98%B2%E6%96%B0%E5%85%B5%E5%B7%A1%E9%80%BB%E5%89%8Dvs%E5%B7%A1%E9%80%BB%E5%90%8E&Refer=top
13,金靖 舒奕橙,热,426838,艺人,https://s.weibo.com/weibo?q=%E9%87%91%E9%9D%96%20%E8%88%92%E5%A5%95%E6%A9%99&Refer=top
14,NewJeans哭着问闵熙珍要怎么办,新,422930,艺人,https://s.weibo.com/weibo?q=NewJeans%E5%93%AD%E7%9D%80%E9%97%AE%E9%97%B5%E7%86%99%E7%8F%8D%E8%A6%81%E6%80%8E%E4%B9%88%E5%8A%9E&Refer=top
15,Uzi 剑网三,新,417564,电竞,https://s.weibo.com/weibo?q=Uzi%20%E5%89%91%E7%BD%91%E4%B8%89&Refer=top
16,舒奕橙是不良人导演, ,417437,艺人,https://s.weibo.com/weibo?q=%E8%88%92%E5%A5%95%E6%A9%99%E6%98%AF%E4%B8%8D%E8%89%AF%E4%BA%BA%E5%AF%BC%E6%BC%94&Refer=top
17,雷军称直面所有质疑造谣问题,新,413968,汽车,https://s.weibo.com/weibo?q=%E9%9B%B7%E5%86%9B%E7%A7%B0%E7%9B%B4%E9%9D%A2%E6%89%80%E6%9C%89%E8%B4%A8%E7%96%91%E9%80%A0%E8%B0%A3%E9%97%AE%E9%A2%98&Refer=top
18,HYBE用宫脇咲良和金采源对打张元英,新,402804,艺人,https://s.weibo.com/weibo?q=HYBE%E7%94%A8%E5%AE%AB%E8%84%87%E5%92%B2%E8%89%AF%E5%92%8C%E9%87%91%E9%87%87%E6%BA%90%E5%AF%B9%E6%89%93%E5%BC%A0%E5%85%83%E8%8B%B1&Refer=top
19,蓝山智驾版3项行业之首有多牛, ,382745,汽车,https://s.weibo.com/weibo?q=%E8%93%9D%E5%B1%B1%E6%99%BA%E9%A9%BE%E7%89%883%E9%A1%B9%E8%A1%8C%E4%B8%9A%E4%B9%8B%E9%A6%96%E6%9C%89%E5%A4%9A%E7%89%9B&Refer=top
20,为何越来越多老人染上艾滋病, ,367535,健康医疗,https://s.weibo.com/weibo?q=%E4%B8%BA%E4%BD%95%E8%B6%8A%E6%9D%A5%E8%B6%8A%E5%A4%9A%E8%80%81%E4%BA%BA%E6%9F%93%E4%B8%8A%E8%89%BE%E6%BB%8B%E7%97%85&Refer=top
